Trac URL	GitHub URL	Comment
https://trac.chevah.com/ticket/98	https://github.com/chevah/trac-migration-staging/issues/14	preformatted text
https://trac.chevah.com/ticket/637	https://github.com/chevah/trac-migration-staging/issues/15	embedded `{{{#!rst`
https://trac.chevah.com/ticket/822	https://github.com/chevah/trac-migration-staging/issues/16	horizontal lines
https://trac.chevah.com/ticket/16	https://github.com/chevah/trac-migration-staging/issues/17
https://trac.chevah.com/ticket/18	https://github.com/chevah/trac-migration-staging/issues/18
https://trac.chevah.com/ticket/19	https://github.com/chevah/trac-migration-staging/issues/19
https://trac.chevah.com/ticket/17	https://github.com/chevah/trac-migration-staging/issues/20
https://trac.chevah.com/ticket/85	https://github.com/chevah/trac-migration-staging/issues/21
https://trac.chevah.com/ticket/29	https://github.com/chevah/trac-migration-staging/issues/22
https://trac.chevah.com/ticket/25	https://github.com/chevah/trac-migration-staging/issues/23
https://trac.chevah.com/ticket/24	https://github.com/chevah/trac-migration-staging/issues/24
https://trac.chevah.com/ticket/3928	https://github.com/chevah/trac-migration-staging/issues/25
https://trac.chevah.com/ticket/5519	https://github.com/chevah/trac-migration-staging/issues/26
https://trac.chevah.com/ticket/5519	https://github.com/chevah/trac-migration-staging/issues/27
https://trac.chevah.com/ticket/5519	https://github.com/chevah/trac-migration-staging/issues/28aaa
https://trac.chevah.com/ticket/5519	https://github.com/chevah/trac-migration-staging/issues/29
https://trac.chevah.com/ticket/5519	https://github.com/chevah/trac-migration-staging/issues/30
https://trac.chevah.com/ticket/5519	https://github.com/chevah/trac-migration-staging/issues/31
https://trac.chevah.com/ticket/5519	https://github.com/chevah/trac-migration-staging/issues/32
